fold,epoch,model,aug_type,aug,vcp,loss,val_loss,acc,val_acc,translation,noise,edge_noise,rotation,swap,dist_1,dist_4,cos_1,cos_4
0,1,fcn,translation,0.2,0.0,2.007698573430379,1.7533305756251016,0.25504166666666667,0.3537500000794729,0.30544354838709675,0.3455141129032258,0.3529065860215054,0.3404737903225806,0.2672211021505376,0.1010067505736111,0.10104879727845804,0.9994556160386119,0.9998686935599221
0,2,fcn,translation,0.2,0.0,1.7718238430023194,1.582883173942566,0.3515,0.419,0.34274193548387094,0.40112567204301075,0.41658266129032256,0.38986895161290325,0.2927587365591398,0.10103925784480655,0.10062491377660383,0.9967323730410587,0.9997646212308003
0,3,fcn,translation,0.2,0.0,1.6686887798309327,1.5287808990478515,0.3870625,0.4494166667461395,0.37945228494623656,0.39868951612903225,0.44497647849462363,0.41801075268817206,0.29544690860215056,0.10095855694574614,0.1002347402391024,0.9967534801947819,0.999536242133086
0,4,fcn,translation,0.2,0.0,1.6143233944574993,1.5223944940567016,0.40941666666666665,0.4454166667461395,0.3859206989247312,0.38617271505376344,0.43724798387096775,0.41616263440860213,0.2991431451612903,0.10095119865662935,0.10012215848675826,0.996124589667665,0.9988746911225559
0,5,fcn,translation,0.2,0.0,1.5774124790827433,1.4969709749221802,0.42383333333333334,0.44975,0.38726478494623656,0.4002856182795699,0.44144825268817206,0.41792674731182794,0.3015793010752688,0.10090577458807577,0.10001277468270725,0.99509273449776,0.9978788460066765
0,6,fcn,translation,0.2,0.0,1.5427793181737264,1.3645180088678996,0.4381041666666667,0.5055833334128061,0.41498655913978494,0.4680779569892473,0.5024361559139785,0.45547715053763443,0.3345934139784946,0.10093531330090223,0.09998758467716268,0.9943408981068337,0.9970879072260941
0,7,fcn,translation,0.2,0.0,1.513259025255839,1.3804492775599162,0.4499375,0.5033333332538604,0.4283434139784946,0.44438844086021506,0.49537970430107525,0.4621975806451613,0.32804099462365593,0.10093723970931023,0.0999604274919774,0.9932545191690502,0.9962936528277816
0,8,fcn,translation,0.2,0.0,1.48956276512146,1.3111635166803997,0.4572291666666667,0.52225,0.43187163978494625,0.4789986559139785,0.5174731182795699,0.4695900537634409,0.3399697580645161,0.1009980730466648,0.09998732554959133,0.9927356694019964,0.99585246703868
0,9,fcn,translation,0.2,0.0,1.4633926560084025,1.3997082115809123,0.46652083333333333,0.4948333334128062,0.4266633064516129,0.41675067204301075,0.4827788978494624,0.4682459677419355,0.3130040322580645,0.1010364944037671,0.10001412923965189,0.991413972434863,0.9948054626353559
0,10,fcn,translation,0.2,0.0,1.4373566776911417,1.2620756352742513,0.47802083333333334,0.5399166668256123,0.4469086021505376,0.49605174731182794,0.5369623655913979,0.4861391129032258,0.3472782258064516,0.10110506952171111,0.10005390657655273,0.9909439162363386,0.9944656140390862
0,11,fcn,translation,0.2,0.0,1.4200570567448934,1.2711792758305867,0.483625,0.5354166666666667,0.4607694892473118,0.4842069892473118,0.5272177419354839,0.48689516129032256,0.34543010752688175,0.10117875118481202,0.10010471135481364,0.9901124782274704,0.9938324706763919
0,12,fcn,translation,0.2,0.0,1.3970662542978922,1.268305945078532,0.4921041666666667,0.539916666507721,0.47076612903225806,0.46774193548387094,0.5272177419354839,0.4894153225806452,0.3371135752688172,0.10124483143833156,0.10013688349216762,0.9892611415118735,0.9934812921494177
0,13,fcn,translation,0.2,0.0,1.3820488068262735,1.2241014858881631,0.501125,0.5570833331743876,0.47337029569892475,0.4916834677419355,0.5481350806451613,0.512684811827957,0.3606350806451613,0.10133992231890766,0.10020840800522517,0.9889561187877042,0.993314190689392
0,14,fcn,translation,0.2,0.0,1.3625035893122355,1.2105744457244874,0.5084791666666667,0.5640000001589457,0.4763944892473118,0.5052923387096774,0.555611559139785,0.509744623655914,0.3531586021505376,0.10140875228939371,0.10030755350211014,0.9878048943473559,0.9922787233044497
0,15,fcn,translation,0.2,0.0,1.3480637404123943,1.2183902333577474,0.5114166666666666,0.5532500001589458,0.4784106182795699,0.4890793010752688,0.5437668010752689,0.4866431451612903,0.3482862903225806,0.10145752592426208,0.10033120017679822,0.9869253288831791,0.9918458489396511
0,16,fcn,translation,0.2,0.0,1.3327109651565552,1.1553483661015829,0.5207083333333333,0.581416666507721,0.4876512096774194,0.5297379032258065,0.574176747311828,0.5181451612903226,0.3765961021505376,0.10152291670157057,0.10036762122116569,0.9863478909894643,0.9916092465555109
0,17,fcn,translation,0.2,0.0,1.3149461965560914,1.2101946598688762,0.5263958333333333,0.5553333333333333,0.4878192204301075,0.4731182795698925,0.5401545698924731,0.5049563172043011,0.3425739247311828,0.10158376591021402,0.10039008271673487,0.9855216452739941,0.9907354530232245
0,18,fcn,translation,0.2,0.0,1.2965297495524089,1.1595564864476522,0.5332916666666667,0.5760000001589457,0.500924059139785,0.5119287634408602,0.5642641129032258,0.5086525537634409,0.3635752688172043,0.10164653082352339,0.100452104725668,0.9847445704695019,0.9905023799591043
0,19,fcn,translation,0.2,0.0,1.2877735328674316,1.1755126921335857,0.53675,0.576833333492279,0.5014280913978495,0.4977318548387097,0.5593918010752689,0.5169690860215054,0.34904233870967744,0.1017108056629594,0.10053464027199273,0.9841380799771033,0.9901012901937902
0,20,fcn,translation,0.2,0.0,1.2685320714314778,1.1631109902064005,0.54325,0.5826666668256124,0.511676747311828,0.49361559139784944,0.5687163978494624,0.5147849462365591,0.34627016129032256,0.10177439300524485,0.10058376762188143,0.9834893705044642,0.9896606266515499
0,21,fcn,translation,0.2,0.0,1.255672698656718,1.1094617007573446,0.5491041666666666,0.5970833333333333,0.5096606182795699,0.5291498655913979,0.5842573924731183,0.5232694892473119,0.3739079301075269,0.10180850652331072,0.10056279179277933,0.9827151316607998,0.9890056630284852
0,22,fcn,translation,0.2,0.0,1.2487468792597454,1.1538668362299602,0.5498541666666666,0.5819166668256124,0.5008400537634409,0.49680779569892475,0.5721606182795699,0.525369623655914,0.34946236559139787,0.10187179319068997,0.1006079741443197,0.9822905622707859,0.9885550653889076
0,23,fcn,translation,0.2,0.0,1.2313809693654378,1.0792397089004517,0.5583541666666667,0.6123333331743877,0.5183131720430108,0.540070564516129,0.6040826612903226,0.5352822580645161,0.3706317204301075,0.1019412270009828,0.10068859804111223,0.9818777803719614,0.988291441499459
0,24,fcn,translation,0.2,0.0,1.2231129964192708,1.076694052696228,0.5616041666666667,0.6104166666666667,0.5177251344086021,0.532174059139785,0.5981182795698925,0.545866935483871,0.3702956989247312,0.101953984296415,0.10067847662139684,0.981075438259154,0.9880731085969674
0,25,fcn,translation,0.2,0.0,1.211292351881663,1.0932727422714232,0.5658958333333334,0.5999166666666667,0.5336021505376344,0.5177251344086021,0.5865255376344086,0.5334341397849462,0.36626344086021506,0.10202049423241988,0.10072980760984744,0.9805484861073476,0.9874536850122095
0,26,fcn,translation,0.2,0.0,1.1952842326164246,1.0770796362559,0.5744375,0.6100833331743876,0.5372983870967742,0.5225974462365591,0.5911458333333334,0.5324260752688172,0.3659274193548387,0.10208792430866095,0.10076698693834867,0.9802691105272111,0.9873717830717266
0,27,fcn,translation,0.2,0.0,1.1857245184580485,1.067288940111796,0.5773333333333334,0.6140833331743876,0.5363743279569892,0.522429435483871,0.6027385752688172,0.5463709677419355,0.37054771505376344,0.10212329363114098,0.10076455057909091,0.9800838806136325,0.9873051315275284
0,28,fcn,translation,0.2,0.0,1.1804316183725994,1.0552281141281128,0.5770833333333333,0.6124166666666667,0.5336021505376344,0.5375504032258065,0.6043346774193549,0.5335181451612904,0.393565188172043,0.10215289584205796,0.1007907703363647,0.9793701890402341,0.9866618399930189
0,29,fcn,translation,0.2,0.0,1.167389046351115,1.0567879858016969,0.5814166666666667,0.6162500001589457,0.5431787634408602,0.5278057795698925,0.6011424731182796,0.532258064516129,0.3713877688172043,0.1021995902669409,0.10081868239730182,0.979084599835504,0.9863715190409137
0,30,fcn,translation,0.2,0.0,1.1569381699562074,1.0606803382237753,0.5870625,0.6157500001589458,0.5442708333333334,0.5311659946236559,0.6037466397849462,0.5345262096774194,0.3647513440860215,0.10227687809512848,0.10085439550716223,0.9790355967823908,0.9861543052900836
0,31,fcn,translation,0.2,0.0,1.1445267839431763,1.0582671645482382,0.5906041666666667,0.6193333333333333,0.5437668010752689,0.5231854838709677,0.5995463709677419,0.540070564516129,0.36483534946236557,0.10227402723264983,0.10083375970134512,0.9780862579621233,0.9857433887652891
0,32,fcn,translation,0.2,0.0,1.1398944514592488,1.028286368370056,0.5935416666666666,0.6302499998410542,0.5455309139784946,0.5446068548387096,0.6177755376344086,0.5569556451612904,0.380880376344086,0.10231727487148924,0.10086618273958771,0.9775781855547573,0.9853678453086638
0,33,fcn,translation,0.2,0.0,1.1271570618947346,1.0244469922383626,0.6000416666666667,0.6348333331743876,0.540994623655914,0.5561995967741935,0.6234038978494624,0.5408266129032258,0.37701612903225806,0.10235045267553586,0.10086418364274626,0.9773229154943756,0.9848120974722039
0,34,fcn,translation,0.2,0.0,1.1233653885523478,1.055723069190979,0.5998333333333333,0.6196666668256123,0.5417506720430108,0.5147849462365591,0.6003024193548387,0.5320060483870968,0.36567540322580644,0.10236160112415543,0.10080074466532096,0.976804454647699,0.9843312876516942
0,35,fcn,translation,0.2,0.0,1.1117496441205343,1.0064406722386678,0.6043333333333333,0.6376666668256123,0.5395665322580645,0.5588037634408602,0.6253360215053764,0.5387264784946236,0.36500336021505375,0.1023989218649351,0.10085324890031996,0.9768238041899369,0.9845815266168185
0,36,fcn,translation,0.2,0.0,1.1036682952245076,1.0006173324584962,0.6072083333333333,0.6418333333333334,0.5561155913978495,0.5499831989247311,0.6265961021505376,0.555695564516129,0.38079637096774194,0.10242057204919143,0.10085143367501183,0.9760496461564401,0.9836320880428815
0,37,fcn,translation,0.2,0.0,1.091263017654419,0.9946844186782837,0.6103958333333334,0.6488333333333334,0.5619119623655914,0.5538474462365591,0.6354166666666666,0.5697244623655914,0.3846606182795699,0.10245144968050429,0.10089386923290375,0.9758651620105585,0.9837611454142853
0,38,fcn,translation,0.2,0.0,1.091313571135203,0.9687253856658935,0.6126666666666667,0.654916666507721,0.5544354838709677,0.5794690860215054,0.6419690860215054,0.550823252688172,0.36743951612903225,0.1025193222772537,0.10090269852015707,0.9760401542076301,0.9838380816224261
0,39,fcn,translation,0.2,0.0,1.0745568186442058,0.9849739309946696,0.6177291666666667,0.6468333331743876,0.5628360215053764,0.5460349462365591,0.6328965053763441,0.555695564516129,0.37424395161290325,0.10253947585847022,0.10093141307718018,0.9756093101317708,0.983642747513626
0,40,fcn,translation,0.2,0.0,1.074000014146169,0.9705112730662028,0.6191041666666667,0.6514166668256124,0.5674563172043011,0.5619119623655914,0.6377688172043011,0.5432627688172043,0.3846606182795699,0.10255204926296654,0.10090885890207978,0.9751056955904258,0.9828315495919934
0,41,fcn,translation,0.2,0.0,1.0623216943740845,0.9791805268923441,0.6206041666666666,0.6530000001589458,0.5671202956989247,0.5557795698924731,0.6383568548387096,0.561575940860215,0.3809643817204301,0.1025667823657083,0.10091274230378783,0.9745044255266748,0.9821615469296935
0,42,fcn,translation,0.2,0.0,1.0507825031280518,0.966519411722819,0.6260833333333333,0.6550833333333334,0.5718245967741935,0.5564516129032258,0.637684811827957,0.5651881720430108,0.3826444892473118,0.10260922173296826,0.10093194916973719,0.9746816747132622,0.9822949133943868
0,43,fcn,translation,0.2,0.0,1.0451238956451416,0.9574564425150554,0.62925,0.6606666666666666,0.5743447580645161,0.561575940860215,0.6456653225806451,0.5687163978494624,0.3797883064516129,0.10264532522220786,0.10092089880102624,0.9743481082148517,0.981933142023651
0,44,fcn,translation,0.2,0.0,1.0325115591684977,0.9384790040651957,0.6333958333333334,0.6665833333333333,0.5650201612903226,0.569304435483871,0.6483534946236559,0.567372311827957,0.3817204301075269,0.10267027420923114,0.10097219488428284,0.9740915576139236,0.9821437585422943
0,45,fcn,translation,0.2,0.0,1.0250309810638427,0.9515269215901693,0.637,0.6617500001589457,0.5788810483870968,0.5551075268817204,0.6471774193548387,0.5694724462365591,0.38617271505376344,0.10268064206078027,0.10094698490704307,0.9737006077935241,0.9815993668544173
0,46,fcn,translation,0.2,0.0,1.0207418247858684,0.9467809570630391,0.637625,0.6644166666666667,0.5692204301075269,0.5694724462365591,0.6460853494623656,0.5637600806451613,0.38667674731182794,0.10271238124955238,0.10094356592485888,0.9736599647862426,0.9814435232878098
0,47,fcn,translation,0.2,0.0,1.020780579249064,0.9449583543141683,0.6401875,0.6664166665077209,0.5780409946236559,0.5510752688172043,0.6473454301075269,0.574260752688172,0.385752688172043,0.10274532553739846,0.10094423621194437,0.9734427843910238,0.98138500810833
0,48,fcn,translation,0.2,0.0,1.0060179983774822,0.911324551264445,0.6420416666666666,0.6761666668256124,0.5729166666666666,0.5883736559139785,0.6612063172043011,0.568380376344086,0.39070900537634407,0.10277013919807763,0.10094592838625734,0.9731508403171681,0.9810581878596167
0,49,fcn,translation,0.2,0.0,0.9988072007497152,0.9418493962287903,0.644125,0.6607499998410543,0.584929435483871,0.5535954301075269,0.6455813172043011,0.5609038978494624,0.36323924731182794,0.1027841303536358,0.1009380429232907,0.9728470912412506,0.9807723293965043
0,50,fcn,translation,0.2,0.0,0.9899004729588826,0.9252498418490092,0.6482083333333334,0.6697499998410543,0.5858534946236559,0.5782090053763441,0.653309811827957,0.5724126344086021,0.3860887096774194,0.10279048879035851,0.1009021354903881,0.9724637865535075,0.9801876393039366
0,51,fcn,translation,0.2,0.0,0.9854034032821656,0.9377785065968831,0.6490416666666666,0.6660833334922791,0.5845934139784946,0.563508064516129,0.649361559139785,0.5758568548387096,0.3948252688172043,0.10282928187451842,0.10092705248906794,0.9726083295553976,0.9803071111894673
0,52,fcn,translation,0.2,0.0,0.9824087559382121,0.9139875558217366,0.6504583333333334,0.6741666666666667,0.5783770161290323,0.5840893817204301,0.6613743279569892,0.5706485215053764,0.38667674731182794,0.10284954033300488,0.10094889171240437,0.9724359533753165,0.9803350017217427
0,53,fcn,translation,0.2,0.0,0.9777841250101725,0.919454158782959,0.6533958333333333,0.6755833331743876,0.5857694892473119,0.5630880376344086,0.6548219086021505,0.5772849462365591,0.38029233870967744,0.1028706943616271,0.10093620714421074,0.9724241557541183,0.9802911393013258
0,54,fcn,translation,0.2,0.0,0.9663900009791057,0.9053637579282124,0.6572708333333334,0.6800833333333334,0.5896337365591398,0.5904737903225806,0.6654065860215054,0.5658602150537635,0.3795362903225806,0.10288866511675426,0.10092276059246312,0.9719693066680166,0.9797880323272857
0,55,fcn,translation,0.2,0.0,0.9664104259808858,0.9348527765274048,0.6581875,0.66775,0.5916498655913979,0.5659442204301075,0.6492775537634409,0.5694724462365591,0.37768817204301075,0.10290244212632792,0.10094546079764971,0.9717462294353238,0.9797291811459401
0,56,fcn,translation,0.2,0.0,0.9572921531995138,0.9344318585395813,0.6629375,0.6684166665077209,0.5899697580645161,0.5598958333333334,0.6527217741935484,0.5637600806451613,0.3776041666666667,0.10291016978185831,0.10094510450855726,0.9715637407562162,0.9797278947579618
0,57,fcn,translation,0.2,0.0,0.9491790960629781,0.9284768136342366,0.6628125,0.672083333492279,0.5891297043010753,0.5614079301075269,0.6574260752688172,0.5783770161290323,0.36861559139784944,0.10294241443302275,0.1009474548498272,0.9714432957884375,0.9793537149314994
0,58,fcn,translation,0.2,0.0,0.9466295167605082,0.8977237903277079,0.665,0.6794999998410542,0.587869623655914,0.5874495967741935,0.6612903225806451,0.5624159946236559,0.3814684139784946,0.10295143347078313,0.1009395439695153,0.9712806609722912,0.9794089363463843
0,59,fcn,translation,0.2,0.0,0.939287658214569,0.887294193426768,0.668125,0.6887499998410542,0.6029065860215054,0.584005376344086,0.6685147849462365,0.5733366935483871,0.3846606182795699,0.10298564581898972,0.10091849382863277,0.9711773173102958,0.97927482264381
0,60,fcn,translation,0.2,0.0,0.9295074542363485,0.8996135684649149,0.67175,0.6818333331743877,0.6039986559139785,0.5750168010752689,0.6627184139784946,0.576192876344086,0.3786962365591398,0.10299237690115762,0.10091508625515012,0.9705933056886908,0.9787488801807791
0,61,fcn,translation,0.2,0.0,0.9221898709932963,0.9215309333801269,0.6719791666666667,0.671666666507721,0.6040826612903226,0.5539314516129032,0.65625,0.5708165322580645,0.3765961021505376,0.10303314866420503,0.1009104018448852,0.970868065686097,0.979085216627248
0,62,fcn,translation,0.2,0.0,0.9156645342508952,0.8816544893582662,0.6770833333333334,0.6921666668256123,0.602570564516129,0.5886256720430108,0.6717069892473119,0.5818212365591398,0.3792842741935484,0.10304353915853426,0.10090891925048912,0.970444794959096,0.9787360725833215
0,63,fcn,translation,0.2,0.0,0.9178417634963989,0.8789942733446757,0.6753541666666667,0.6906666665077209,0.6009744623655914,0.5852654569892473,0.6685147849462365,0.5787970430107527,0.3859206989247312,0.10305626689740974,0.10089098250157097,0.970020642297666,0.9788943375786643
0,64,fcn,translation,0.2,0.0,0.9029586896896362,0.8955591721534729,0.6803125,0.6841666666666667,0.6098790322580645,0.5640961021505376,0.6616263440860215,0.5719086021505376,0.37894825268817206,0.1030841746703825,0.10087225359166041,0.9701716228511512,0.9785282876017113
0,65,fcn,translation,0.2,0.0,0.9041918760935466,0.8891140262285868,0.6814166666666667,0.6829166666666666,0.6021505376344086,0.5782090053763441,0.6664986559139785,0.566448252688172,0.3863407258064516,0.1031055745552294,0.10087896466332798,0.9701353970693213,0.9785964690118255
0,66,fcn,translation,0.2,0.0,0.8967547003428141,0.8751103313763936,0.6845,0.6915833334922791,0.6035786290322581,0.5873655913978495,0.6742271505376344,0.5774529569892473,0.37752016129032256,0.10310501067821558,0.10088565308574794,0.9696687437721544,0.9783842498166453
0,67,fcn,translation,0.2,0.0,0.8860086501439413,0.8892316462198894,0.689875,0.6859166666666666,0.5978662634408602,0.577200940860215,0.6654905913978495,0.5672883064516129,0.38676075268817206,0.10313937434047046,0.10090276992802198,0.9698157917881391,0.9783318033673254
0,68,fcn,translation,0.2,0.0,0.8831224946975708,0.8916239765485128,0.6883125,0.685,0.6079469086021505,0.565440188172043,0.6680947580645161,0.5766969086021505,0.3880208333333333,0.10314382723946539,0.1008601378934044,0.9694686917312398,0.9778141567991523
0,69,fcn,translation,0.2,0.0,0.8787968311309814,0.8771653397878011,0.6866666666666666,0.69275,0.6080309139784946,0.5787970430107527,0.6769153225806451,0.5921538978494624,0.3713877688172043,0.10316327189664459,0.10089105251891953,0.9695718413116765,0.9782467362601592
0,70,fcn,translation,0.2,0.0,0.8727046717007955,0.843621464252472,0.6927291666666666,0.7003333331743876,0.6101310483870968,0.5950100806451613,0.6799395161290323,0.5859375,0.38289650537634407,0.10318715820580514,0.10090024470506857,0.9695184009501645,0.9779968593781834
0,71,fcn,translation,0.2,0.0,0.8656072743733724,0.8659089058240255,0.6951666666666667,0.69025,0.6145833333333334,0.5832493279569892,0.6762432795698925,0.5717405913978495,0.3865927419354839,0.10318879186848386,0.10089599380605957,0.9693563233174322,0.9778096481496207
0,72,fcn,translation,0.2,0.0,0.8628689467112224,0.8467393651008606,0.6951041666666666,0.7032500001589457,0.6177755376344086,0.6060147849462365,0.6831317204301075,0.592825940860215,0.3855846774193548,0.10321979232442875,0.10092005996395731,0.9695875343939583,0.9782113881917035
0,73,fcn,translation,0.2,0.0,0.8544276544253031,0.8702712149620057,0.6986875,0.6979999998410543,0.6102150537634409,0.5792170698924731,0.6780913978494624,0.5808131720430108,0.3812163978494624,0.10323526249784562,0.10091757550576909,0.96957974816239,0.9784021195700205
0,74,fcn,translation,0.2,0.0,0.8493961149851481,0.8735307590166728,0.6996875,0.6978333333333333,0.6128192204301075,0.5808971774193549,0.6775873655913979,0.5805611559139785,0.3751680107526882,0.10324892992826386,0.10089945643105441,0.96964759625367,0.9780341620554857
0,75,fcn,translation,0.2,0.0,0.8428747833569844,0.8442216343879699,0.701875,0.7022500001589457,0.6150873655913979,0.6015625,0.6843077956989247,0.5745967741935484,0.3997815860215054,0.10327865252555865,0.10091883222210324,0.9698720746212454,0.9781486007287299
0,76,fcn,translation,0.2,0.0,0.839095959186554,0.8625052189826965,0.7066041666666667,0.6995833331743876,0.6195396505376344,0.5894657258064516,0.6846438172043011,0.5826612903225806,0.38617271505376344,0.10327574950901584,0.10092149608276992,0.9694414942351651,0.9776659128412777
0,77,fcn,translation,0.2,0.0,0.8365474456151326,0.8361150759061178,0.7038333333333333,0.7052499998410543,0.6200436827956989,0.5992103494623656,0.6854838709677419,0.5785450268817204,0.3942372311827957,0.10327609350982432,0.10087598874492364,0.9691286212691921,0.9773281523331561
0,78,fcn,translation,0.2,0.0,0.8338425540924073,0.8261212442715963,0.705125,0.7092499998410543,0.6182795698924731,0.6046706989247311,0.6905241935483871,0.5863575268817204,0.3956653225806452,0.10328912870803227,0.10090785918550359,0.969164411434589,0.9770689161984163
0,79,fcn,translation,0.2,0.0,0.8211779363950094,0.8505993294715881,0.7106875,0.701166666507721,0.6192876344086021,0.5997983870967742,0.6847278225806451,0.5866935483870968,0.39868951612903225,0.1032814810751006,0.1008826639671396,0.96873125679102,0.9772018631253303
0,80,fcn,translation,0.2,0.0,0.8199200671513875,0.8857517183621725,0.7112291666666667,0.6918333331743877,0.6199596774193549,0.5812331989247311,0.6785954301075269,0.5903057795698925,0.3784442204301075,0.10330239636823535,0.10089633388108471,0.9689910796213831,0.9771525560884761
0,81,fcn,translation,0.2,0.0,0.818298636118571,0.8365605258941651,0.7133541666666666,0.7062499998410543,0.6208837365591398,0.5915658602150538,0.6861559139784946,0.5860215053763441,0.37264784946236557,0.10331394093939,0.10089079427739812,0.9691383078079778,0.9776144444634229
0,82,fcn,translation,0.2,0.0,0.814283414999644,0.8433571713765462,0.7110208333333333,0.7019166668256124,0.6192876344086021,0.6034106182795699,0.6863239247311828,0.5903897849462365,0.3858366935483871,0.10333699198155147,0.10091368095406021,0.9691837658879778,0.9773730392275171
0,83,fcn,translation,0.2,0.0,0.804460593064626,0.8346729691823324,0.7163541666666666,0.7123333331743876,0.6237399193548387,0.6109711021505376,0.6938844086021505,0.5903057795698925,0.39138104838709675,0.10331863009681304,0.10087164658923736,0.9688348569684899,0.9772263753941893
0,84,fcn,translation,0.2,0.0,0.8029088096618653,0.8316742119789123,0.7157083333333333,0.7089999998410543,0.6189516129032258,0.6118111559139785,0.6928763440860215,0.592741935483871,0.3755040322580645,0.10333897445040445,0.10088473515093534,0.9688130979170195,0.9769268863607989
0,85,fcn,translation,0.2,0.0,0.7970448431968689,0.8607257024447124,0.7190416666666667,0.7016666665077209,0.627940188172043,0.591817876344086,0.6830477150537635,0.5936659946236559,0.3939012096774194,0.10333932850173572,0.10088087300149103,0.9686393974479238,0.9771209048357529
0,86,fcn,translation,0.2,0.0,0.7879039416313172,0.8212196997006734,0.72225,0.712083333492279,0.6282762096774194,0.6145833333333334,0.6974126344086021,0.5954301075268817,0.39138104838709675,0.10337626198694731,0.10088977150412069,0.9687107094158497,0.9771245799555189
0,87,fcn,translation,0.2,0.0,0.7808550647099812,0.8471698056856791,0.7240833333333333,0.7044166668256124,0.6247479838709677,0.6033266129032258,0.6860719086021505,0.5843413978494624,0.39742943548387094,0.10338004087356643,0.10088274737871769,0.9687326957370916,0.9772472131291592
0,88,fcn,translation,0.2,0.0,0.7749806971549987,0.8357425897916158,0.7275416666666666,0.7080000001589457,0.6252520161290323,0.6018145161290323,0.691364247311828,0.5998823924731183,0.38986895161290325,0.10337273903294569,0.10084712398626532,0.9681740384846004,0.9766556280963022
0,89,fcn,translation,0.2,0.0,0.7710823458035787,0.8316319104830424,0.7277291666666666,0.7085833331743876,0.6237399193548387,0.5980342741935484,0.6920362903225806,0.580057123655914,0.3880208333333333,0.10340271217541562,0.1008602945948951,0.9685182783755566,0.9767712807661013
0,90,fcn,translation,0.2,0.0,0.7782634733517965,0.8669348079363505,0.7246458333333333,0.7000833333333333,0.6164314516129032,0.6008064516129032,0.6869119623655914,0.5835013440860215,0.37289986559139787,0.10341227505381943,0.1008417812279529,0.9685412381399046,0.9769622258852766
0,91,fcn,translation,0.2,0.0,0.7661270051797231,0.8091393348375956,0.7327291666666667,0.7210833333333333,0.6353326612903226,0.6160114247311828,0.7019489247311828,0.5942540322580645,0.3982694892473118,0.10341448475244558,0.10085608635563403,0.9684524176857268,0.9771911068210307
0,92,fcn,translation,0.2,0.0,0.7659008302688599,0.8481476620038351,0.7293333333333333,0.703333333492279,0.6204637096774194,0.5884576612903226,0.686575940860215,0.5720766129032258,0.37466397849462363,0.10342455472305624,0.10085056610922846,0.96847742333502,0.9769992539999319
0,93,fcn,translation,0.2,0.0,0.7535405073165894,0.8137117390632629,0.7356041666666666,0.7166666665077209,0.6384408602150538,0.6157594086021505,0.7012768817204301,0.6003024193548387,0.40179771505376344,0.10343673723723947,0.10084834973612386,0.9686213641296146,0.9769750067024572
0,94,fcn,translation,0.2,0.0,0.7543342940012614,0.8377239836057028,0.7328125,0.7072500001589457,0.6342405913978495,0.5944220430107527,0.6919522849462365,0.5845094086021505,0.3878528225806452,0.10343605512106377,0.10084106974277852,0.9685920083026834,0.9769128375181076
0,95,fcn,translation,0.2,0.0,0.744289935429891,0.8367785530090333,0.737375,0.7115833333333333,0.623991935483871,0.5962701612903226,0.6905241935483871,0.5971942204301075,0.3756720430107527,0.10343996633956623,0.10080787527840585,0.9684859632870749,0.9767701005256507
0,96,fcn,translation,0.2,0.0,0.7394847852389018,0.8331993168195089,0.7401041666666667,0.7114166666666667,0.6290322580645161,0.5984543010752689,0.6927083333333334,0.5855174731182796,0.3809643817204301,0.1034601927256315,0.10081439655429374,0.968599582645892,0.9770283120293092
0,97,fcn,translation,0.2,0.0,0.7373724807103474,0.8136021291414897,0.7386666666666667,0.7196666665077209,0.6247479838709677,0.6085349462365591,0.6959845430107527,0.5813172043010753,0.38079637096774194,0.10344565370663379,0.10075903031975031,0.9683153354320919,0.9765469218283696
0,98,fcn,translation,0.2,0.0,0.7311489424705505,0.8412064073880513,0.742125,0.7075,0.6292842741935484,0.6030745967741935,0.6866599462365591,0.5793010752688172,0.39272513440860213,0.10346973171302427,0.10080610457549079,0.968491471195408,0.9767510778324764
0,99,fcn,translation,0.2,0.0,0.7310873897870381,0.8369519359270732,0.7442708333333333,0.7155000001589458,0.6332325268817204,0.5908938172043011,0.6938004032258065,0.5940860215053764,0.39213709677419356,0.10349532688916144,0.10081457239316984,0.9687139053065847,0.9764952602324589
0,100,fcn,translation,0.2,0.0,0.719995157400767,0.8473904469807942,0.745375,0.709083333492279,0.6296202956989247,0.5783770161290323,0.6857358870967742,0.5931619623655914,0.3763440860215054,0.10346743156616059,0.10080011036350495,0.9683781543762708,0.9768475414821943
0,101,fcn,translation,0.2,0.0,0.7199382522900899,0.8520155181884765,0.747375,0.7081666668256124,0.6273521505376344,0.5891297043010753,0.6843918010752689,0.5760248655913979,0.3858366935483871,0.10346908466373053,0.10082477525187035,0.9683169831155536,0.9768547760780871
0,102,fcn,translation,0.2,0.0,0.7170815910498302,0.8322239893277487,0.7474791666666667,0.7135833334922791,0.6370967741935484,0.591817876344086,0.6927083333333334,0.594758064516129,0.3936491935483871,0.10347921763443285,0.10083437593291616,0.9682835641863442,0.9767662433935518
0,103,fcn,translation,0.2,0.0,0.71258882411321,0.8047866772015889,0.7505208333333333,0.7224166666666667,0.6313004032258065,0.6163474462365591,0.7056451612903226,0.5819052419354839,0.3914650537634409,0.10349501348618004,0.10084433427416822,0.968354576308523,0.9766316310564775
0,104,fcn,translation,0.2,0.0,0.6996409426530202,0.8115242253939311,0.7543125,0.7186666665077209,0.6409610215053764,0.6164314516129032,0.7005208333333334,0.5943380376344086,0.39230510752688175,0.10350554287045573,0.10087618809969474,0.9682333056221637,0.976426266320797
0,105,fcn,translation,0.2,0.0,0.7027765134175619,0.835576457977295,0.7522291666666666,0.7119166668256124,0.6410450268817204,0.5805611559139785,0.6875,0.5901377688172043,0.3797043010752688,0.10352113072682793,0.10088059281568146,0.9683165313055737,0.9767137974112801
0,106,fcn,translation,0.2,0.0,0.6954401621023814,0.8271264659563701,0.7533958333333334,0.7132499998410543,0.6311323924731183,0.5962701612903226,0.6921202956989247,0.5923219086021505,0.3890288978494624,0.10352725249766889,0.10088224375310044,0.9684448822003853,0.9766872805108883
0,107,fcn,translation,0.2,0.0,0.6931644616921743,0.8124969159762064,0.754625,0.7189999998410542,0.6376008064516129,0.6036626344086021,0.7009408602150538,0.604502688172043,0.38449260752688175,0.10353019219797312,0.10087429630544244,0.9684929163810239,0.9767360280001596
0,108,fcn,translation,0.2,0.0,0.6857186444600423,0.8359316919644674,0.7569166666666667,0.7150833331743877,0.639700940860215,0.5905577956989247,0.693380376344086,0.5856854838709677,0.3875168010752688,0.10353108032399581,0.100860267069139,0.9684250403941961,0.9765881430197523
0,109,fcn,translation,0.2,0.0,0.6851942902406056,0.7937857012748718,0.7599791666666667,0.7246666666666667,0.642557123655914,0.6150873655913979,0.7045530913978495,0.5934979838709677,0.3888608870967742,0.10354262883386885,0.10088591103623104,0.9685795711534916,0.9767886078556545
0,110,fcn,translation,0.2,0.0,0.675503048102061,0.8029405833880107,0.7634791666666667,0.7256666665077209,0.644489247311828,0.6034106182795699,0.7034610215053764,0.5922379032258065,0.379872311827957,0.10355842598558714,0.10089321558027425,0.9686178908320799,0.9765924207658574
0,111,fcn,translation,0.2,0.0,0.6739440274238586,0.8111006817817688,0.7608333333333334,0.7197500001589457,0.6309643817204301,0.608450940860215,0.7043010752688172,0.6003864247311828,0.3776041666666667,0.10356413260645543,0.10089933479644565,0.9685885689978022,0.9766927503643497
0,112,fcn,translation,0.2,0.0,0.6678172405560812,0.8199443111419678,0.7641041666666667,0.7229166666666667,0.6387768817204301,0.608366935483871,0.7016969086021505,0.598622311827957,0.3890288978494624,0.10355036989009629,0.10087515636243755,0.9682760121093376,0.9765595066186405
0,113,fcn,translation,0.2,0.0,0.6575130917231242,0.8236028237342834,0.76925,0.7165,0.6320564516129032,0.5998823924731183,0.6986727150537635,0.5977822580645161,0.3792842741935484,0.10357708366872329,0.1008922255714424,0.9685371437659948,0.9769143978446411
0,114,fcn,translation,0.2,0.0,0.6606834967931111,0.7999756789207458,0.7641458333333333,0.7265,0.6348286290322581,0.6223118279569892,0.706065188172043,0.5838373655913979,0.4010416666666667,0.10356840314731623,0.10089226285668297,0.9685973532702784,0.9769438407360475
0,115,fcn,translation,0.2,0.0,0.655775528271993,0.8750520497957865,0.7691458333333333,0.7114166668256123,0.6387768817204301,0.5829133064516129,0.6831317204301075,0.5940860215053764,0.3940692204301075,0.10357401810405362,0.10088949281877528,0.9686323632623789,0.9766371788089777
0,116,fcn,translation,0.2,0.0,0.6525521072546641,0.8143202018737793,0.7703125,0.722333333492279,0.6433971774193549,0.6076948924731183,0.701192876344086,0.5860215053763441,0.38205645161290325,0.10358329464603837,0.10088137801762463,0.9686968000622834,0.9767670865153756
0,117,fcn,translation,0.2,0.0,0.6503805964787801,0.8286243510246277,0.7712708333333333,0.7173333331743876,0.6496975806451613,0.5982022849462365,0.6949764784946236,0.5987903225806451,0.3858366935483871,0.1035820597381745,0.1008837217038187,0.968557833204765,0.9768260401697325
0,118,fcn,translation,0.2,0.0,0.6451315138339996,0.8061096102396648,0.7722291666666666,0.7243333333333334,0.6335685483870968,0.6043346774193549,0.6999327956989247,0.5902217741935484,0.3734038978494624,0.10359277820033538,0.10088374018151727,0.9686260031070965,0.9768169801639822
0,119,fcn,translation,0.2,0.0,0.6407333334287008,0.8070594579378764,0.7742916666666667,0.7277500001589458,0.644573252688172,0.610383064516129,0.704049059139785,0.5988743279569892,0.3932291666666667,0.10360320865745759,0.10090621111966255,0.9687743728601864,0.976901505766318
0,120,fcn,translation,0.2,0.0,0.6338612667719523,0.8041082534790039,0.7769583333333333,0.7276666665077209,0.6430611559139785,0.6098790322580645,0.7098454301075269,0.6094590053763441,0.38323252688172044,0.10358387522865087,0.10089552646321762,0.9683078545414977,0.9764069698556896
0,121,fcn,translation,0.2,0.0,0.6326355615456899,0.8177971235911051,0.775875,0.7250833331743877,0.6516297043010753,0.6046706989247311,0.7042170698924731,0.6049227150537635,0.39877352150537637,0.10358500685025421,0.10092865410519557,0.9682217097922413,0.9764409534921078
0,122,fcn,translation,0.2,0.0,0.6286123774051666,0.8120104707082113,0.7790833333333333,0.7247500001589458,0.6433131720430108,0.6118951612903226,0.7024529569892473,0.597698252688172,0.3854166666666667,0.10360624667696862,0.10091289105023155,0.9685195529515909,0.9767346243277883
0,123,fcn,translation,0.2,0.0,0.6187802507082621,0.8053831572532654,0.7824583333333334,0.7279166665077209,0.6453293010752689,0.6060987903225806,0.7052251344086021,0.5843413978494624,0.3829805107526882,0.10360055425230207,0.10091395913493922,0.968367940902763,0.9766004000595174
0,124,fcn,translation,0.2,0.0,0.6216182432969412,0.837139399210612,0.7819375,0.7216666665077209,0.645497311827957,0.5980342741935484,0.6976646505376344,0.5987903225806451,0.3786122311827957,0.10361978317248738,0.10092292570172706,0.9684347664893949,0.9765108697754132
0,125,fcn,translation,0.2,0.0,0.6149883708159128,0.7994081409772237,0.7818541666666666,0.730083333492279,0.644573252688172,0.6149193548387096,0.7097614247311828,0.5924059139784946,0.38256048387096775,0.10361283003456062,0.10091334165513723,0.9681659456722527,0.9764264232418848
0,126,fcn,translation,0.2,0.0,0.6160856014887491,0.8537577211062114,0.7831041666666667,0.7194166668256123,0.639616935483871,0.5971102150537635,0.6989247311827957,0.5990423387096774,0.3846606182795699,0.10362180828168574,0.10092499205428693,0.9683818709022892,0.9763966241323234
0,127,fcn,translation,0.2,0.0,0.6118541210492452,0.859187998453776,0.7857291666666667,0.7164166668256123,0.644573252688172,0.5895497311827957,0.6920362903225806,0.5938340053763441,0.3836525537634409,0.10361016869622593,0.10089084013209988,0.9680845553269867,0.9763386900144724
0,128,fcn,translation,0.2,0.0,0.6010491360823313,0.8128003195126852,0.7871041666666667,0.7253333333333334,0.6430611559139785,0.6258400537634409,0.7098454301075269,0.5843413978494624,0.3933971774193548,0.10363596564598589,0.10094082042471403,0.9684723633417636,0.9765184579733985
0,129,fcn,translation,0.2,0.0,0.605939655939738,0.83061541223526,0.786,0.7189999998410542,0.6492775537634409,0.6124831989247311,0.6976646505376344,0.5917338709677419,0.3937331989247312,0.10362967208493501,0.10091808657549943,0.9683539325854377,0.9762893359762125
0,130,fcn,translation,0.2,0.0,0.5992557507356008,0.8030441576639811,0.7912083333333333,0.729166666507721,0.6509576612903226,0.6052587365591398,0.7067372311827957,0.5978662634408602,0.3941532258064516,0.10364927177498531,0.10092986710110886,0.9685024510511338,0.9765120482703824
0,131,fcn,translation,0.2,0.0,0.5984097210566203,0.8269794476826986,0.7889166666666667,0.7240833331743877,0.6382728494623656,0.6100470430107527,0.7043850806451613,0.5952620967741935,0.3741599462365591,0.10365096773279624,0.10092774443587081,0.9684408468429209,0.976451301734288
0,132,fcn,translation,0.2,0.0,0.5893729051748912,0.8085559139251709,0.7919583333333333,0.7302499998410543,0.6519657258064516,0.6144153225806451,0.704049059139785,0.5853494623655914,0.3855846774193548,0.10365363332029018,0.10092995679264681,0.9684202515582128,0.9764215189172837
0,133,fcn,translation,0.2,0.0,0.5796179767449697,0.8076599534352621,0.7944166666666667,0.7296666666666667,0.6470094086021505,0.6180275537634409,0.7090893817204301,0.6012264784946236,0.3895329301075269,0.10365124707136096,0.10092927051785712,0.9683838135077976,0.9764131625987057
0,134,fcn,translation,0.2,0.0,0.5793600140412648,0.8383193473815918,0.7958125,0.7227499998410543,0.6529737903225806,0.5982022849462365,0.6980006720430108,0.5965221774193549,0.3892809139784946,0.10364279079820132,0.10092696480892806,0.9680898295376765,0.9762578353844888
0,135,fcn,translation,0.2,0.0,0.5745218446254731,0.83502370373408,0.79725,0.723166666507721,0.6438172043010753,0.6108030913978495,0.6988407258064516,0.5932459677419355,0.37298387096774194,0.10365631530294195,0.10089525755675924,0.9683238475061999,0.9766665921396225
0,136,fcn,translation,0.2,0.0,0.5705164906978607,0.8298141487439473,0.8001041666666666,0.7256666665077209,0.642557123655914,0.611307123655914,0.7079133064516129,0.6007224462365591,0.38079637096774194,0.10364868359950681,0.10090528066373533,0.9682978512805802,0.976618125367567
0,137,fcn,translation,0.2,0.0,0.570495874007543,0.8224921053250631,0.8004375,0.721333333492279,0.6443212365591398,0.6155073924731183,0.705057123655914,0.5902217741935484,0.3800403225806452,0.10367851707592814,0.1009339887726431,0.9687581926870558,0.9769957780257497
0,138,fcn,translation,0.2,0.0,0.569546236594518,0.8419677494366964,0.7997291666666667,0.7195833331743876,0.6336525537634409,0.6107190860215054,0.7010248655913979,0.5995463709677419,0.3786122311827957,0.10367414300304113,0.10094575812238166,0.9684627270416463,0.9767538689998037
0,139,fcn,translation,0.2,0.0,0.5600449496905009,0.8121192863782247,0.8031875,0.7285,0.6467573924731183,0.613239247311828,0.7047211021505376,0.5815692204301075,0.39028897849462363,0.10367877529157947,0.10096470803384566,0.9685227860861434,0.9767459359474455
0,140,fcn,translation,0.2,0.0,0.5566892706553142,0.8022021629015604,0.8022291666666667,0.738,0.6471774193548387,0.6183635752688172,0.711945564516129,0.5987063172043011,0.39297715053763443,0.1036785980557195,0.1009773932875962,0.9684233284673761,0.976551531085704
0,141,fcn,translation,0.2,0.0,0.5555317867596944,0.8185168908437093,0.8045625,0.7308333334922791,0.6472614247311828,0.6196236559139785,0.7137096774193549,0.6020665322580645,0.39037298387096775,0.10368961631320417,0.10098252401480244,0.9686374072987038,0.9766709012104494
0,142,fcn,translation,0.2,0.0,0.5451813519795735,0.8170667487780253,0.807125,0.7381666665077209,0.649445564516129,0.6160954301075269,0.711861559139785,0.6055947580645161,0.3875168010752688,0.10367219941690564,0.1009448728679369,0.9682225244617086,0.9764571159037226
0,143,fcn,translation,0.2,0.0,0.5504496397972107,0.8354052906036377,0.8065416666666667,0.7297499998410543,0.6517137096774194,0.5957661290322581,0.702200940860215,0.5982022849462365,0.3768481182795699,0.10369301619034053,0.1009792809943772,0.9685148970083526,0.9768520958145106
0,144,fcn,translation,0.2,0.0,0.5438964916865031,0.8315050055185954,0.8067083333333334,0.7281666668256124,0.6490255376344086,0.6079469086021505,0.7053931451612904,0.5989583333333334,0.3895329301075269,0.10368765039472944,0.10096681636059657,0.9685023651248722,0.9768813356093788
0,145,fcn,translation,0.2,0.0,0.5424104928970337,0.8332430853843689,0.8090833333333334,0.7311666666666666,0.6576780913978495,0.6104670698924731,0.7074092741935484,0.6000504032258065,0.38776881720430106,0.10369686686640812,0.10095790826663789,0.9686057520829839,0.9770074132116204
0,146,fcn,translation,0.2,0.0,0.5402014938990275,0.8018326961199442,0.8098125,0.7397500001589458,0.6555779569892473,0.6254200268817204,0.7159778225806451,0.5938340053763441,0.3928931451612903,0.10369674719145729,0.10096950013475078,0.9683709940234293,0.9766711621336918
0,147,fcn,translation,0.2,0.0,0.5306268113454183,0.8781228744188945,0.8146458333333333,0.7155,0.6482694892473119,0.5766969086021505,0.686575940860215,0.5865255376344086,0.3687836021505376,0.10369917282110287,0.10098384921568343,0.9685843938919826,0.9767588281702805
0,148,fcn,translation,0.2,0.0,0.5288750694592794,0.8462861959139506,0.8158333333333333,0.725416666507721,0.6508736559139785,0.5998823924731183,0.7016129032258065,0.5973622311827957,0.3786962365591398,0.10370454728318793,0.1009967239612403,0.9686353681993233,0.9768801020464993
0,149,fcn,translation,0.2,0.0,0.5261182503700257,0.8496562784512838,0.81525,0.727166666507721,0.6509576612903226,0.6112231182795699,0.702116935483871,0.6076108870967742,0.38970094086021506,0.10370700650512138,0.10101052339369845,0.9687353925267215,0.9770646196966292
0,150,fcn,translation,0.2,0.0,0.5212451874415079,0.8193170720736186,0.816625,0.732416666507721,0.6556619623655914,0.6055947580645161,0.7134576612903226,0.6024025537634409,0.385752688172043,0.10370996749002694,0.10100590071589169,0.9686256258682356,0.9770035452546403
0,151,fcn,translation,0.2,0.0,0.5137516078948975,0.8207987524668375,0.8189583333333333,0.7286666666666667,0.645497311827957,0.623991935483871,0.7132056451612904,0.5893817204301075,0.3869287634408602,0.10371826364684643,0.10102580496782644,0.9685154884082294,0.9768282847897277
0,152,fcn,translation,0.2,0.0,0.5161908704439799,0.8325502605438232,0.8193333333333334,0.7302499998410543,0.6507896505376344,0.6039146505376344,0.7056451612903226,0.6009744623655914,0.3836525537634409,0.1037324012011393,0.10103186170130761,0.9686323154898118,0.9768437162859018
0,153,fcn,translation,0.2,0.0,0.5117124786376953,0.8455526707967123,0.8205625,0.72975,0.6574260752688172,0.6044186827956989,0.7095094086021505,0.5969422043010753,0.3943212365591398,0.10373305387717362,0.10102566419583228,0.9686964576789125,0.9769692366390927
0,154,fcn,translation,0.2,0.0,0.5121415068308512,0.848979389667511,0.8217916666666667,0.7255833331743876,0.655241935483871,0.5958501344086021,0.7000168010752689,0.6155913978494624,0.3836525537634409,0.1037304459605366,0.1010290377954435,0.9687271702772604,0.9769585917021067
0,155,fcn,translation,0.2,0.0,0.500448361714681,0.8297962126731873,0.8232291666666667,0.7350833333333333,0.6556619623655914,0.6141633064516129,0.7125336021505376,0.5951780913978495,0.3786962365591398,0.10371554133275317,0.10102400773515303,0.9684898877460202,0.9771071694471074
0,156,fcn,translation,0.2,0.0,0.5036657116413117,0.8391033674875895,0.8245833333333333,0.7315833333333334,0.6545698924731183,0.6137432795698925,0.7106854838709677,0.6065188172043011,0.3854166666666667,0.10372607187471455,0.1010319875462705,0.9686204834527088,0.9769836852441895
0,157,fcn,translation,0.2,0.0,0.4971956462065379,0.8270480745633443,0.8254166666666667,0.7350833331743876,0.6529737903225806,0.615255376344086,0.7111895161290323,0.594758064516129,0.3862567204301075,0.10372469578093539,0.10105290844027574,0.9686091673104139,0.9768414664909741
0,158,fcn,translation,0.2,0.0,0.4991788624127706,0.8182896145184835,0.8259375,0.7358333333333333,0.6491935483870968,0.6228158602150538,0.7123655913978495,0.6018985215053764,0.3892809139784946,0.10372941899630758,0.10105684025782263,0.9688250767866293,0.9770101644274816
0,159,fcn,translation,0.2,0.0,0.4895723520914714,0.8345202237764995,0.8282916666666666,0.733333333492279,0.6542338709677419,0.6204637096774194,0.7096774193548387,0.5997143817204301,0.38071236559139787,0.10371588304406032,0.10105363475546862,0.9687051581458598,0.9768541141998873
0,160,fcn,translation,0.2,0.0,0.49156858277320864,0.8452799328168233,0.8278958333333334,0.7308333331743876,0.6534778225806451,0.6040826612903226,0.7110215053763441,0.5846774193548387,0.3694556451612903,0.10372994091853292,0.10108450276958239,0.9688148644335463,0.9771442854873619
0,161,fcn,translation,0.2,0.0,0.4846882073879242,0.847066598256429,0.8292083333333333,0.730166666507721,0.6616263440860215,0.6068548387096774,0.7064852150537635,0.5981182795698925,0.3933971774193548,0.10372272243775013,0.10106958355754614,0.9686749546591406,0.9768637279799717
0,162,fcn,translation,0.2,0.0,0.48065881911913555,0.8442167517344157,0.83025,0.733333333492279,0.6605342741935484,0.6134912634408602,0.7120295698924731,0.6019825268817204,0.3839045698924731,0.10372959621923251,0.1010565118631348,0.9687100415386757,0.9769121307606368
0,163,fcn,translation,0.2,0.0,0.47535028219223024,0.8319412585894267,0.8335416666666666,0.735166666507721,0.6521337365591398,0.6215557795698925,0.7089213709677419,0.6037466397849462,0.37298387096774194,0.10374264602756335,0.10106651020598495,0.9688588180699627,0.9770815880911401
0,164,fcn,translation,0.2,0.0,0.47042407512664797,0.9034955514272054,0.8342916666666667,0.7223333333333334,0.6544858870967742,0.5913978494623656,0.7005208333333334,0.6108870967741935,0.37710013440860213,0.10374369827331975,0.10106892991138415,0.9689179874414025,0.9771976509872994
0,165,fcn,translation,0.2,0.0,0.46641841785113014,0.8505443682670594,0.8370833333333333,0.7344166666666667,0.6550739247311828,0.6183635752688172,0.7098454301075269,0.5856854838709677,0.3803763440860215,0.10373103951698998,0.10106920873901497,0.9686208408935045,0.9769377711709493
0,166,fcn,translation,0.2,0.0,0.4692992347876231,0.8370343941052755,0.834625,0.7338333333333333,0.6514616935483871,0.6048387096774194,0.7091733870967742,0.608366935483871,0.3755040322580645,0.10375497082713991,0.10107442323998031,0.969062098866194,0.9773598813193642
0,167,fcn,translation,0.2,0.0,0.46439180652300516,0.8244749320348104,0.8371041666666666,0.7385833331743876,0.6615423387096774,0.6099630376344086,0.7110215053763441,0.6060147849462365,0.3869287634408602,0.10374045961846907,0.10104678178645878,0.9688585100075469,0.9771826474901215
0,168,fcn,translation,0.2,0.0,0.46338311036427815,0.8429274017016093,0.8373958333333333,0.7333333331743876,0.65625,0.6214717741935484,0.7117775537634409,0.6067708333333334,0.3888608870967742,0.10373541881563142,0.10103483180541338,0.9687089366805266,0.9770929168576257
0,169,fcn,translation,0.2,0.0,0.4615101991494497,0.845841366926829,0.8364166666666667,0.7338333334922791,0.6564180107526881,0.6184475806451613,0.7130376344086021,0.590809811827957,0.3888608870967742,0.10373085613698801,0.1010161609414758,0.9686635397307428,0.9770519265671465
0,170,fcn,translation,0.2,0.0,0.45773945093154905,0.8256065375010172,0.8377708333333334,0.7389166666666667,0.6567540322580645,0.6297883064516129,0.719674059139785,0.5945060483870968,0.3834005376344086,0.10374325279715574,0.10101525168607219,0.9689575918334109,0.977158447283467
0,171,fcn,translation,0.2,0.0,0.45332382639249164,0.8554537672996521,0.8394791666666667,0.7298333333333333,0.649361559139785,0.6013104838709677,0.7075772849462365,0.5995463709677419,0.3791162634408602,0.10374117967310464,0.10101495244048743,0.9690295912203308,0.9773383296622148
0,172,fcn,translation,0.2,0.0,0.4501267555952072,0.8567009180386861,0.8424583333333333,0.7355833333333334,0.6519657258064516,0.6197076612903226,0.7137936827956989,0.5966061827956989,0.37525201612903225,0.10372709788821845,0.101005917828944,0.9687361811983458,0.97703486925994
0,173,fcn,translation,0.2,0.0,0.44339807963371275,0.8540612750053406,0.845125,0.7339166665077209,0.6565020161290323,0.608450940860215,0.7109375,0.598622311827957,0.37113575268817206,0.1037267236258938,0.10101758100790903,0.9686477739135645,0.9769644684729997
0,174,fcn,translation,0.2,0.0,0.44700123683611553,0.8544942962328593,0.8431041666666667,0.7357500001589458,0.6576780913978495,0.6226478494623656,0.7149697580645161,0.5975302419354839,0.3863407258064516,0.10373506901992692,0.10102183079450494,0.9687895609834203,0.9770562732651137
0,175,fcn,translation,0.2,0.0,0.4471751417716344,0.8566740214029948,0.8429166666666666,0.7327499998410543,0.657174059139785,0.6196236559139785,0.7108534946236559,0.6080309139784946,0.38776881720430106,0.10374132104011045,0.10100897494056779,0.968844743025847,0.9770255530277363
0,176,fcn,translation,0.2,0.0,0.4387312415440877,0.863526771068573,0.8443125,0.7310833331743876,0.6540658602150538,0.608450940860215,0.7102654569892473,0.602570564516129,0.384744623655914,0.10374342939273144,0.10103071860632756,0.9688301814201137,0.9771831275539505
0,177,fcn,translation,0.2,0.0,0.4356751623948415,0.8722831247647603,0.8456458333333333,0.7337500001589458,0.6599462365591398,0.6050067204301075,0.7082493279569892,0.5993783602150538,0.38046034946236557,0.10375665901746187,0.10104369022236723,0.9690187659829014,0.9772451379820137
0,178,fcn,translation,0.2,0.0,0.4306507460276286,0.8631658562024435,0.8477916666666667,0.73475,0.6563340053763441,0.6061827956989247,0.7116095430107527,0.5945900537634409,0.39087701612903225,0.10375173278670344,0.10102230856298572,0.9690010372903354,0.977216347797857
0,179,fcn,translation,0.2,0.0,0.4314996039867401,0.8401298453013102,0.8489375,0.74,0.663138440860215,0.609375,0.7127856182795699,0.606434811827957,0.3817204301075269,0.10374867711733612,0.10101657078161629,0.9688489836695074,0.9771668888350322
0,180,fcn,translation,0.2,0.0,0.4202089128494263,0.8797499357859294,0.8545416666666666,0.7287499998410543,0.6501176075268817,0.6138272849462365,0.7089213709677419,0.6082829301075269,0.39070900537634407,0.10374881982958566,0.10100642799968934,0.9687977479688672,0.9770925950469042
0,181,fcn,translation,0.2,0.0,0.42394987265268963,0.8902706627845764,0.8506458333333333,0.7279166666666667,0.6610383064516129,0.5924899193548387,0.7032090053763441,0.6018145161290323,0.3786122311827957,0.10374816683017546,0.10099036739363025,0.9687655822713168,0.9771293221380604
0,182,fcn,translation,0.2,0.0,0.4219951938788096,0.8699925411542256,0.8520833333333333,0.7350833333333333,0.6531418010752689,0.6213037634408602,0.7142137096774194,0.5992103494623656,0.3822244623655914,0.10374755621240991,0.10100389222174676,0.9688137085419031,0.9773036380608713
0,183,fcn,translation,0.2,0.0,0.4192610335747401,0.8325229147275289,0.8516458333333333,0.741333333492279,0.6578461021505376,0.6218077956989247,0.7191700268817204,0.5960181451612904,0.3864247311827957,0.10376513700854655,0.1010094588725931,0.9690575118989828,0.9773205625904843
0,184,fcn,translation,0.2,0.0,0.4125652269522349,0.8721121959686279,0.857375,0.7340833333333333,0.6549059139784946,0.6233198924731183,0.7201780913978495,0.6050067204301075,0.3865087365591398,0.10376124105338629,0.10100240024298222,0.9688981210353644,0.9771231987470436
0,185,fcn,translation,0.2,0.0,0.4143762800693512,0.8569489006996155,0.8547083333333333,0.736166666507721,0.6502856182795699,0.6096270161290323,0.7088373655913979,0.5895497311827957,0.38029233870967744,0.1037767561372473,0.10101863152683815,0.9692414507292395,0.977481478211031
0,186,fcn,translation,0.2,0.0,0.4098848238388697,0.8607226581573486,0.8570208333333333,0.7408333333333333,0.6648185483870968,0.6188676075268817,0.7145497311827957,0.6035786290322581,0.3888608870967742,0.10377927385787997,0.10101251381759842,0.9692924292893648,0.9773097765504607
0,187,fcn,translation,0.2,0.0,0.40827834538618724,0.8765356402397155,0.8551666666666666,0.7299166665077209,0.6565860215053764,0.6027385752688172,0.704133064516129,0.5916498655913979,0.3737399193548387,0.10376590722525078,0.10100703132209471,0.9692171059601589,0.9773550582256421
0,188,fcn,translation,0.2,0.0,0.40340551221370696,0.8707440114021301,0.8600208333333333,0.737666666507721,0.6580141129032258,0.6339045698924731,0.714885752688172,0.6046706989247311,0.3865927419354839,0.10378712900759031,0.10104203939489606,0.9693819039752296,0.977301220482619
0,189,fcn,translation,0.2,0.0,0.39712330492337544,0.856284531434377,0.8607916666666666,0.7430833334922791,0.6592741935483871,0.6320564516129032,0.7251344086021505,0.6050907258064516,0.37264784946236557,0.10378565571995245,0.10102690079171832,0.96949110844293,0.9773323143176592
0,190,fcn,translation,0.2,0.0,0.39582812909285225,0.866429379940033,0.8630416666666667,0.7397500001589458,0.6570900537634409,0.6248319892473119,0.71875,0.5982022849462365,0.3781081989247312,0.10378044545521131,0.10101375100202858,0.9694446762625198,0.977324525685925
0,191,fcn,translation,0.2,0.0,0.39340321230888364,0.850604189713796,0.8603125,0.744333333492279,0.6603662634408602,0.6354166666666666,0.7192540322580645,0.6065188172043011,0.3748319892473118,0.10377652255637157,0.10102732859862347,0.9693574279669974,0.9773935743369262
0,192,fcn,translation,0.2,0.0,0.39161736333370206,0.8748524792989095,0.8615833333333334,0.7376666668256124,0.6662466397849462,0.6197076612903226,0.7154737903225806,0.594758064516129,0.3821404569892473,0.10377302167600849,0.10102766282701243,0.969162688678845,0.9771914206122384
0,193,fcn,translation,0.2,0.0,0.38836491870880124,0.8803185976346334,0.8649166666666667,0.740333333492279,0.6576780913978495,0.6224798387096774,0.7141297043010753,0.6060147849462365,0.3850806451612903,0.10378776397556067,0.10104353174877663,0.9693176340620968,0.9772299891903984
0,194,fcn,translation,0.2,0.0,0.3871617434819539,0.873829490184784,0.8652916666666667,0.739583333492279,0.6605342741935484,0.6234038978494624,0.7155577956989247,0.608450940860215,0.37819220430107525,0.10379078983613807,0.10105993905259918,0.9692563598551942,0.9773780680355818
0,195,fcn,translation,0.2,0.0,0.3845325616598129,0.9106359969774882,0.8643125,0.736416666507721,0.6617943548387096,0.6168514784946236,0.7108534946236559,0.598622311827957,0.384744623655914,0.10378577817593598,0.10106015180806732,0.9692708658496877,0.9774493722188993
0,196,fcn,translation,0.2,0.0,0.38299056577682494,0.9416302266120911,0.8660625,0.7297500001589458,0.6534778225806451,0.5932459677419355,0.704133064516129,0.5962701612903226,0.3878528225806452,0.10378995881183073,0.10105452694309254,0.9693671206970009,0.9774612824131689
0,197,fcn,translation,0.2,0.0,0.37812701431910195,0.8751625649134318,0.8692708333333333,0.7399166668256124,0.6584341397849462,0.6218918010752689,0.7162298387096774,0.5943380376344086,0.3834005376344086,0.10378978627785626,0.10107438512689744,0.9693473444161371,0.9774443661590466
0,198,fcn,translation,0.2,0.0,0.375946893453598,0.8956096024513245,0.8691875,0.7366666666666667,0.6640625,0.6137432795698925,0.713877688172043,0.5969422043010753,0.3833165322580645,0.10380726750655514,0.10109246654125552,0.9697270726973986,0.9776914088868662
0,199,fcn,translation,0.2,0.0,0.37304605050881706,0.9023510197003682,0.8700833333333333,0.735666666507721,0.6606182795698925,0.6091229838709677,0.7101814516129032,0.5892137096774194,0.36685147849462363,0.10379303755730183,0.10108234770854728,0.969448139559846,0.9777172871771729
0,200,fcn,translation,0.2,0.0,0.3678356170256933,0.8619277021090189,0.8706875,0.7380833334922791,0.6575940860215054,0.6223118279569892,0.7186659946236559,0.592741935483871,0.38919690860215056,0.10379163153831744,0.10109920853412607,0.9694912052775508,0.9778348917518511
0,201,fcn,translation,0.2,0.0,0.36467809065183004,0.8800758062998454,0.8732708333333333,0.735333333492279,0.658182123655914,0.6221438172043011,0.7143817204301075,0.595682123655914,0.38516465053763443,0.10380203706962574,0.1011121965970637,0.9696704164267279,0.9782446057684666
0,202,fcn,translation,0.2,0.0,0.3672516522804896,0.9202282371520996,0.8720416666666667,0.7327500001589458,0.6612903225806451,0.6029065860215054,0.7132896505376344,0.6053427419354839,0.380880376344086,0.10381238818323861,0.10111688417641239,0.9698273443094839,0.9781536615032344
0,203,fcn,translation,0.2,0.0,0.3582328671614329,0.8951923077901205,0.8754166666666666,0.736666666507721,0.6544858870967742,0.6111391129032258,0.7087533602150538,0.600638440860215,0.37945228494623656,0.10380516602890566,0.10110876988619566,0.9696925251500121,0.9778022431577232
0,204,fcn,translation,0.2,0.0,0.36196406654516855,0.8996866799990336,0.8731875,0.736166666507721,0.6640625,0.6068548387096774,0.7104334677419355,0.605510752688172,0.39205309139784944,0.10379790096905911,0.10110085445275116,0.9695934509549571,0.9777700094956193
0,205,fcn,translation,0.2,0.0,0.3533558836380641,0.8796251870791117,0.8761875,0.7405,0.6610383064516129,0.6050907258064516,0.7129536290322581,0.5940020161290323,0.3780241935483871,0.10381022926109533,0.1010935717753859,0.9697328782519636,0.9779647117889851
0,206,fcn,translation,0.2,0.0,0.3512684010267258,0.8986207354863485,0.8747291666666667,0.7421666666666666,0.6548219086021505,0.6029905913978495,0.714801747311828,0.6011424731182796,0.36332325268817206,0.10382442785582195,0.10111640742979944,0.969853412971045,0.977922878079934
0,207,fcn,translation,0.2,0.0,0.34924284629027047,0.9245151309967041,0.8793333333333333,0.7326666668256124,0.6568380376344086,0.6219758064516129,0.7173219086021505,0.6050907258064516,0.3761760752688172,0.10383016371633857,0.10111129886030944,0.9699597186695207,0.9778603791039129
0,208,fcn,translation,0.2,0.0,0.35577514096101126,0.9239857948621114,0.8753541666666667,0.7319166668256124,0.6568380376344086,0.6061827956989247,0.7080813172043011,0.5951780913978495,0.3817204301075269,0.10382583282060093,0.10110910879706757,0.9698573116947702,0.9777113606914251
0,209,fcn,translation,0.2,0.0,0.34846443092823026,0.9345654169718425,0.8785833333333334,0.7419166665077209,0.6583501344086021,0.6063508064516129,0.7121975806451613,0.5972782258064516,0.3734038978494624,0.10382770243773444,0.10111660018770231,0.9699257356849418,0.9779570812973759
0,210,fcn,translation,0.2,0.0,0.3439484774271647,0.8939252797762552,0.88025,0.7401666668256124,0.6617103494623656,0.6238239247311828,0.7181619623655914,0.5954301075268817,0.3732358870967742,0.10382668531060012,0.10112695683751048,0.969859148151768,0.9778608196834679
0,211,fcn,translation,0.2,0.0,0.3439269307454427,0.9205766442616781,0.8797916666666666,0.733583333492279,0.6612063172043011,0.6091229838709677,0.706989247311828,0.5877016129032258,0.37105174731182794,0.1038462537043314,0.10111536253761086,0.9702902809952497,0.9781840164222394
0,212,fcn,translation,0.2,0.0,0.3445928543806076,0.8861072646776835,0.881125,0.7387499998410543,0.6637264784946236,0.6312163978494624,0.7193380376344086,0.5987063172043011,0.3758400537634409,0.1038339024138016,0.10110652099441116,0.9701386232927816,0.9779446974038327
0,213,fcn,translation,0.2,0.0,0.3414208813905716,0.9538829706509908,0.8799166666666667,0.7285000001589457,0.6538978494623656,0.6011424731182796,0.705057123655914,0.5980342741935484,0.3755040322580645,0.1038297437157275,0.10110754944616929,0.9700244552731824,0.9778658268890107
0,214,fcn,translation,0.2,0.0,0.33602351224422455,0.9413218773206075,0.8832291666666666,0.737416666507721,0.6654065860215054,0.6032426075268817,0.7079133064516129,0.6043346774193549,0.3821404569892473,0.1038397886376414,0.10112231184029952,0.9700771977518249,0.977863751812685
0,215,fcn,translation,0.2,0.0,0.3280212227900823,0.9864281687736511,0.8850833333333333,0.7281666666666666,0.6561659946236559,0.5883736559139785,0.7026209677419355,0.605426747311828,0.36953965053763443,0.10384855372831225,0.10112976510491636,0.9702940998191075,0.9778344209363973
0,216,fcn,translation,0.2,0.0,0.334343296567599,0.946165463288625,0.8836041666666666,0.737166666507721,0.6615423387096774,0.6247479838709677,0.7172379032258065,0.6029905913978495,0.38860887096774194,0.10384055069233808,0.10111563414749172,0.9702755674265657,0.9779243238001969
0,217,fcn,translation,0.2,0.0,0.3251593842506409,0.9029925583203634,0.8883125,0.7425,0.6576780913978495,0.6234879032258065,0.7132896505376344,0.5845934139784946,0.37592405913978494,0.10385335370018664,0.10111671746320401,0.9704734578713514,0.978136897090552
0,218,fcn,translation,0.2,0.0,0.32195223116874694,0.9159631651242574,0.8878125,0.7386666668256124,0.6634744623655914,0.6128192204301075,0.7127856182795699,0.6048387096774194,0.3865087365591398,0.10385546066229129,0.10109385151493673,0.9704127831661569,0.9781919836861537
0,219,fcn,translation,0.2,0.0,0.3251628844340642,0.9657946421305339,0.886,0.7363333331743876,0.6618783602150538,0.5971942204301075,0.7113575268817204,0.6052587365591398,0.3795362903225806,0.10385489525894324,0.10109511604403248,0.9703993776639064,0.9783954175964489
0,220,fcn,translation,0.2,0.0,0.3246236811081568,0.9106756625175476,0.886875,0.7401666668256124,0.6626344086021505,0.6258400537634409,0.7155577956989247,0.5953461021505376,0.3839885752688172,0.10384107613289315,0.10110093226345877,0.970183667797547,0.9780441017298602
0,221,fcn,translation,0.2,0.0,0.3164589294989904,0.9262234686215719,0.8891666666666667,0.7380833334922791,0.6528057795698925,0.6110551075268817,0.7107694892473119,0.5908938172043011,0.361307123655914,0.10383105684822011,0.101086581507439,0.970106992844977,0.97810704422947
0,222,fcn,translation,0.2,0.0,0.3150792133410772,0.9193232568105062,0.8910208333333334,0.7411666668256124,0.6589381720430108,0.6247479838709677,0.7153057795698925,0.6035786290322581,0.38449260752688175,0.10384377461418302,0.10111423241000415,0.9702882288296577,0.9781398303134701
0,223,fcn,translation,0.2,0.0,0.31486664259433744,0.9358642994562785,0.8889166666666667,0.7368333331743876,0.6594422043010753,0.6144153225806451,0.7124495967741935,0.6050907258064516,0.3918850806451613,0.10384152958997422,0.101107094100573,0.9703338643101032,0.9781906701555904
0,224,fcn,translation,0.2,0.0,0.3083357443809509,0.9518366163571675,0.8916666666666667,0.7354166668256124,0.6575940860215054,0.5952620967741935,0.7110215053763441,0.5932459677419355,0.3687836021505376,0.10384463179960018,0.10112563932650825,0.9703398350454664,0.9783020337686149
0,225,fcn,translation,0.2,0.0,0.3126933467388153,0.9337869474093119,0.8911041666666667,0.7389166668256124,0.6557459677419355,0.616179435483871,0.7137936827956989,0.5960181451612904,0.37600806451612906,0.10384699099490212,0.10112150027675347,0.9703566302908063,0.978170338765368
0,226,fcn,translation,0.2,0.0,0.30866512473424274,0.9329713673591614,0.8924166666666666,0.7415833331743876,0.6617943548387096,0.6272681451612904,0.7198420698924731,0.5999663978494624,0.3707157258064516,0.10384403437557113,0.10109434646761252,0.9702627072049634,0.9781238747004105
0,227,fcn,translation,0.2,0.0,0.31031926699479423,0.951701677163442,0.8925208333333333,0.7350833334922791,0.663054435483871,0.6149193548387096,0.7143817204301075,0.5916498655913979,0.37424395161290325,0.10385274934944594,0.1011034946423024,0.970519944463351,0.9782252460416427
0,228,fcn,translation,0.2,0.0,0.30023886044820147,0.9503912727038065,0.896875,0.7381666665077209,0.6548219086021505,0.6140793010752689,0.7139616935483871,0.5978662634408602,0.3659274193548387,0.10385224809094022,0.10110097132726675,0.9704424781718737,0.9783974194576912
0,229,fcn,translation,0.2,0.0,0.30377049950758617,0.939731741587321,0.8940208333333334,0.736583333492279,0.6586021505376344,0.618111559139785,0.7162298387096774,0.5963541666666666,0.35786290322580644,0.10385798336291271,0.101093985994036,0.970565585866917,0.9786144287317566
0,230,fcn,translation,0.2,0.0,0.301440016190211,0.9536075491905213,0.8948541666666666,0.7336666665077209,0.6596102150537635,0.6062668010752689,0.707073252688172,0.5933299731182796,0.3619791666666667,0.103868306232875,0.10109191868428348,0.97051355487214,0.9786137840255991
0,231,fcn,translation,0.2,0.0,0.3016001435915629,0.9452934336662292,0.8951875,0.7393333333333333,0.6607022849462365,0.6171875,0.7082493279569892,0.5972782258064516,0.37894825268817206,0.1038655203107434,0.10110347775561321,0.970474072483234,0.9784226368159668
0,232,fcn,translation,0.2,0.0,0.29516501021385194,0.9601803086598715,0.8970625,0.7334166666666667,0.6632224462365591,0.6099630376344086,0.7108534946236559,0.5943380376344086,0.3860887096774194,0.10386369507371758,0.10111145610507163,0.9703967116757073,0.9784044645114263
0,233,fcn,translation,0.2,0.0,0.29614194961388907,0.9480706844329834,0.896625,0.7348333331743876,0.6593581989247311,0.6188676075268817,0.7107694892473119,0.5922379032258065,0.3658434139784946,0.10386759913914527,0.10111120325746015,0.9705567972926524,0.9785818649294937
0,234,fcn,translation,0.2,0.0,0.29294361011187237,0.9459627140363057,0.8998541666666666,0.740333333492279,0.6639784946236559,0.626008064516129,0.7132896505376344,0.6053427419354839,0.37600806451612906,0.10386758265344219,0.10109740138028024,0.9705787672846206,0.9785868056852363
0,235,fcn,translation,0.2,0.0,0.2885612819592158,0.9580488650004069,0.90075,0.7384999998410543,0.6636424731182796,0.6099630376344086,0.715809811827957,0.597698252688172,0.3852486559139785,0.10388054575176081,0.10110161937255827,0.9706466930614018,0.9785120548689229
0,236,fcn,translation,0.2,0.0,0.28655142696698505,0.959289976755778,0.8994583333333334,0.7384999998410543,0.6656586021505376,0.6189516129032258,0.7127016129032258,0.5968581989247311,0.3706317204301075,0.10387750738947135,0.10109905635989788,0.9706141366500939,0.978441052076606
0,237,fcn,translation,0.2,0.0,0.28331910975774127,0.9826289127667744,0.9008333333333334,0.7381666665077209,0.6663306451612904,0.6061827956989247,0.7058131720430108,0.5978662634408602,0.375,0.10390070585223536,0.10113543695640853,0.9710001926672981,0.9787249484243906
0,238,fcn,translation,0.2,0.0,0.2859062409798304,0.9738745004336039,0.9015833333333333,0.7366666666666667,0.657174059139785,0.610299059139785,0.7096774193548387,0.5941700268817204,0.37231182795698925,0.1038905246144471,0.10114531392335063,0.9708175821994034,0.9786440101894729
0,239,fcn,translation,0.2,0.0,0.28481220378478367,1.000994981129964,0.9007291666666667,0.7348333331743876,0.6676747311827957,0.6160114247311828,0.7101814516129032,0.606434811827957,0.3684475806451613,0.10388421361050051,0.10114865236553466,0.9708058612443927,0.9788526959827364
0,240,fcn,translation,0.2,0.0,0.27887841991583506,0.9752845371564229,0.904625,0.7399999998410542,0.6586861559139785,0.618111559139785,0.7127016129032258,0.5934979838709677,0.37331989247311825,0.10388250256397037,0.10114332979881308,0.9706587379049895,0.9786193606265781
0,241,fcn,translation,0.2,0.0,0.27843314623832705,0.9610338676770528,0.9039583333333333,0.7409166668256124,0.6616263440860215,0.6209677419354839,0.7151377688172043,0.6072748655913979,0.3781081989247312,0.10389280846963327,0.1011627551375164,0.9707445946615962,0.9785353166114312
0,242,fcn,translation,0.2,0.0,0.2755042602022489,1.0211229437192282,0.9033125,0.7279166668256124,0.65625,0.603494623655914,0.702200940860215,0.5821572580645161,0.36617943548387094,0.10390122164972126,0.10115358468869494,0.9708818328116737,0.9786700213525263
0,243,fcn,translation,0.2,0.0,0.27044855391979217,0.9809038785298665,0.906125,0.7377499998410543,0.6620463709677419,0.6155073924731183,0.7102654569892473,0.5963541666666666,0.38373655913978494,0.10390431756645234,0.10118995583616197,0.9709908436389926,0.9789554023484849
0,244,fcn,translation,0.2,0.0,0.2789659221569697,0.9968349081675212,0.9030625,0.7346666666666667,0.6675067204301075,0.608450940860215,0.7116095430107527,0.5920698924731183,0.38676075268817206,0.1038875725094436,0.10117981961876568,0.9707610262451882,0.9787887930681826
0,245,fcn,translation,0.2,0.0,0.2703075561920802,0.9628898164431254,0.9066875,0.7390833334922791,0.659190188172043,0.6294522849462365,0.719758064516129,0.597614247311828,0.38373655913978494,0.10389895437078343,0.10118236273734106,0.9709378407333134,0.978867539355248
0,246,fcn,translation,0.2,0.0,0.27460802006721496,0.9865065600077311,0.9039375,0.7367500001589458,0.6627184139784946,0.622059811827957,0.715809811827957,0.5910618279569892,0.3844086021505376,0.10390180976052459,0.10119133015137373,0.9708373701910331,0.9787529481135143
0,247,fcn,translation,0.2,0.0,0.267433643301328,1.0266597476005555,0.9067083333333333,0.737416666507721,0.6672547043010753,0.6068548387096774,0.7136256720430108,0.5971102150537635,0.38356854838709675,0.10390441201161593,0.10120365639320678,0.9707392206763706,0.9784821271675462
0,248,fcn,translation,0.2,0.0,0.2649534145196279,0.9806876575152079,0.90825,0.7424999998410543,0.6500336021505376,0.6304603494623656,0.7171538978494624,0.5857694892473119,0.3791162634408602,0.10390426351740542,0.10120726524231334,0.9707520981465841,0.9785757934270092
0,249,fcn,translation,0.2,0.0,0.25801746459801994,1.013095765431722,0.9108541666666666,0.7369166665077209,0.6683467741935484,0.6134912634408602,0.712869623655914,0.5988743279569892,0.3772681451612903,0.10390333962600885,0.10121975662574793,0.9707913423184872,0.9785870768628663
0,250,fcn,translation,0.2,0.0,0.2638631011644999,0.9966004967689515,0.9096458333333334,0.7376666668256124,0.6492775537634409,0.635752688172043,0.7198420698924731,0.6013944892473119,0.37004368279569894,0.10391406136720131,0.1012198272251731,0.9709821150895613,0.9787966628523432
0,251,fcn,translation,0.2,0.0,0.25879855249325434,1.0016509888966878,0.9096666666666666,0.7429166665077209,0.6667506720430108,0.628864247311828,0.7172379032258065,0.6014784946236559,0.38482862903225806,0.10391501046898258,0.1012299058557902,0.9708413872021827,0.978562871636263
0,252,fcn,translation,0.2,0.0,0.2601854632695516,1.0044384940465292,0.9098333333333334,0.7405000001589457,0.6593581989247311,0.621051747311828,0.7173219086021505,0.5987063172043011,0.38029233870967744,0.10390827264119354,0.10122659649156655,0.9706738559562906,0.9784514590372895
0,253,fcn,translation,0.2,0.0,0.25855342078208926,1.0262051458358765,0.911375,0.7322500001589457,0.6522177419354839,0.6056787634408602,0.7043850806451613,0.5912298387096774,0.3696236559139785,0.10391265372486992,0.10123437146992526,0.970755491533159,0.97854927900423
0,254,fcn,translation,0.2,0.0,0.25126099707682925,0.9826613483428955,0.9119583333333333,0.7409166666666667,0.6673387096774194,0.6183635752688172,0.717741935483871,0.5915658602150538,0.37785618279569894,0.10391358074654515,0.10121720963959685,0.9707494763118534,0.9785381128568973
0,255,fcn,translation,0.2,0.0,0.24898260897397995,1.0084111941655476,0.912375,0.7352499998410543,0.6573420698924731,0.6213877688172043,0.7113575268817204,0.5987903225806451,0.3636592741935484,0.10393687569820839,0.10122327330625719,0.9711548213063897,0.9788958336926485
0,256,fcn,translation,0.2,0.0,0.25280395430326463,1.0186368815104168,0.9112083333333333,0.7395833331743876,0.6587701612903226,0.6270161290322581,0.7182459677419355,0.605426747311828,0.37533602150537637,0.10392952820337895,0.10122414162227263,0.9711560191799689,0.9790432043090631
0,257,fcn,translation,0.2,0.0,0.252948555012544,1.032424886226654,0.9133541666666667,0.7375000001589457,0.6574260752688172,0.6113911290322581,0.7074932795698925,0.5894657258064516,0.36483534946236557,0.10392576826011969,0.101229600485466,0.9710875919945465,0.9788632865639421
0,258,fcn,translation,0.2,0.0,0.2531121107737223,0.9928808363278707,0.9112708333333334,0.7409999998410542,0.663138440860215,0.6265120967741935,0.7176579301075269,0.6053427419354839,0.37214381720430106,0.10392831516866055,0.10122209867565996,0.9711706836913108,0.9791029355006775
0,259,fcn,translation,0.2,0.0,0.24087114572525026,1.0148160037994385,0.916375,0.740333333492279,0.6607022849462365,0.616179435483871,0.7188340053763441,0.597698252688172,0.37701612903225806,0.1039264918395525,0.10122254677116871,0.9712158073317241,0.9790172067245145
0,260,fcn,translation,0.2,0.0,0.24598100491364797,1.0091275089581808,0.9155208333333333,0.7388333333333333,0.6574260752688172,0.619119623655914,0.7200940860215054,0.5955141129032258,0.3791162634408602,0.10392409406550643,0.10122087072684532,0.9711462201845128,0.978978141416294
0,261,fcn,translation,0.2,0.0,0.24425155059496562,1.0122982958157858,0.9146458333333334,0.7379166665077209,0.6628864247311828,0.6267641129032258,0.7143817204301075,0.5973622311827957,0.37710013440860213,0.10391762994307403,0.10122200382304275,0.9711133518737982,0.9789106850024198
0,262,fcn,translation,0.2,0.0,0.239635223031044,1.010987735112508,0.9194583333333334,0.7404999998410543,0.6577620967741935,0.6281081989247311,0.7195060483870968,0.5911458333333334,0.38012432795698925,0.10392071362326129,0.10122008635274445,0.9710722283933725,0.9787330231076257
0,263,fcn,translation,0.2,0.0,0.2420137508114179,1.093998314857483,0.917125,0.7323333331743876,0.6682627688172043,0.6082829301075269,0.7049731182795699,0.5971942204301075,0.3862567204301075,0.10392006154223862,0.10123308872183163,0.9710640822528123,0.9790023158578438
0,264,fcn,translation,0.2,0.0,0.2460469083984693,1.0427275918324788,0.9133333333333333,0.738666666507721,0.6596102150537635,0.6267641129032258,0.7121135752688172,0.6077788978494624,0.3839885752688172,0.10392397386668664,0.10123776218258879,0.9713042329967847,0.9789086117269252
0,265,fcn,translation,0.2,0.0,0.23991103847821554,1.0088209306399027,0.9177916666666667,0.7406666668256124,0.6633064516129032,0.6216397849462365,0.7157258064516129,0.5896337365591398,0.3645833333333333,0.1039233859305063,0.10124252796716367,0.9711506579613771,0.9787037334571033
0,266,fcn,translation,0.2,0.0,0.23761132669448853,1.001144992351532,0.9167916666666667,0.743666666507721,0.6638944892473119,0.6183635752688172,0.7185819892473119,0.6021505376344086,0.36013104838709675,0.10391940772792117,0.1012236433582277,0.9710714162516562,0.9787334631855187
0,267,fcn,translation,0.2,0.0,0.2352737295428912,1.046186669667562,0.91825,0.7401666668256124,0.6663306451612904,0.6067708333333334,0.7174059139784946,0.6043346774193549,0.36693548387096775,0.10393077272844191,0.10125960220142992,0.9711942775498288,0.978831033925332
0,268,fcn,translation,0.2,0.0,0.22677001825968424,1.0387257339159648,0.9216666666666666,0.7418333333333333,0.667926747311828,0.6213877688172043,0.7195900537634409,0.6001344086021505,0.3786962365591398,0.10392816648042451,0.10125420183693576,0.9710600319874187,0.9788231307243807
0,269,fcn,translation,0.2,0.0,0.23187209109465282,1.0663313217163086,0.919875,0.7397500001589458,0.6682627688172043,0.6057627688172043,0.7092573924731183,0.5942540322580645,0.36029905913978494,0.10392290377058089,0.10123044958001831,0.9712306787543983,0.9790334650894137
0,270,fcn,translation,0.2,0.0,0.23020429754257202,1.0586397395133973,0.9208333333333333,0.7364999998410543,0.6633904569892473,0.6121471774193549,0.711861559139785,0.5959341397849462,0.372059811827957,0.10391437932978281,0.10120576944771326,0.971219209697103,0.9789747136661807
0,271,fcn,translation,0.2,0.0,0.22935248428583146,1.0779443895022074,0.9205625,0.7324166666666667,0.6550739247311828,0.6178595430107527,0.7123655913978495,0.5957661290322581,0.3791162634408602,0.10391420814751957,0.10121698947882073,0.9712021480766629,0.9790485716436498
0,272,fcn,translation,0.2,0.0,0.22796886797746022,1.0927322696050008,0.9210833333333334,0.7362500001589457,0.6635584677419355,0.6094590053763441,0.7095094086021505,0.5958501344086021,0.3734038978494624,0.10392798724610151,0.10120566476446886,0.9713881855286167,0.9791827708517581
0,273,fcn,translation,0.2,0.0,0.2264890747666359,1.015815102895101,0.9220833333333334,0.742333333492279,0.6617943548387096,0.6224798387096774,0.7175739247311828,0.5894657258064516,0.38180443548387094,0.10391991015058011,0.10120111643724765,0.9712120959365822,0.9790763678007453
0,274,fcn,translation,0.2,0.0,0.2261928085287412,1.0192825997670492,0.9226875,0.74,0.662130376344086,0.6212197580645161,0.7169858870967742,0.5914818548387096,0.38180443548387094,0.10392795856265973,0.10122540096441905,0.9713872183602474,0.9791924065221261
0,275,fcn,translation,0.2,0.0,0.22546466942628224,1.0438822417259217,0.9230625,0.74325,0.6593581989247311,0.6256720430107527,0.724630376344086,0.5968581989247311,0.3881888440860215,0.10391166796519731,0.10120451247267839,0.9711672273926474,0.9789547936638409
0,276,fcn,translation,0.2,0.0,0.22167746371030808,1.0604341980616252,0.924,0.7357500001589458,0.6625504032258065,0.6145833333333334,0.7111055107526881,0.6114751344086021,0.3702116935483871,0.10391510680912891,0.10123723306201605,0.9712181709949417,0.9791516885566361
0,277,fcn,translation,0.2,0.0,0.22067806641260782,1.0500472971598307,0.924625,0.738416666507721,0.6575100806451613,0.6058467741935484,0.7046370967741935,0.5939180107526881,0.36937163978494625,0.10390724440933102,0.10123598745687762,0.9711058784155348,0.9791324190379354
0,278,fcn,translation,0.2,0.0,0.21606783813238145,1.0734815163612366,0.924875,0.7393333331743877,0.6683467741935484,0.6165994623655914,0.7133736559139785,0.6102150537634409,0.3743279569892473,0.1039126093318272,0.10122405218943539,0.9710815066475063,0.9789912144568176
0,279,fcn,translation,0.2,0.0,0.21685773281256357,1.0511522614161173,0.9250416666666667,0.7417500001589458,0.6676747311827957,0.6171034946236559,0.7132056451612904,0.5936659946236559,0.370127688172043,0.10391756837230383,0.10123455796727082,0.9711015483689968,0.9788968296605718
0,280,fcn,translation,0.2,0.0,0.21378835767507554,1.0331528277397155,0.9259166666666667,0.7404166666666666,0.6595262096774194,0.6273521505376344,0.7147177419354839,0.5955141129032258,0.37331989247311825,0.10390894558642888,0.10123875202326518,0.9710966487757938,0.9789896110130896
0,281,fcn,translation,0.2,0.0,0.21644604768355688,1.0631619582176208,0.9254375,0.7387499998410543,0.6660786290322581,0.616263440860215,0.7135416666666666,0.6000504032258065,0.3912130376344086,0.10391472419077116,0.1012249100022018,0.9711575218248609,0.9789001672412686
0,282,fcn,translation,0.2,0.0,0.21314094215631485,1.068658658027649,0.9269791666666667,0.7391666666666666,0.6580141129032258,0.619119623655914,0.7144657258064516,0.6029065860215054,0.37768817204301075,0.10391798179544923,0.10124504984641033,0.9712066897189844,0.9789235794092003
0,283,fcn,translation,0.2,0.0,0.21066181921958924,1.0991823619206746,0.92875,0.7369166666666667,0.665070564516129,0.6092909946236559,0.7095934139784946,0.5963541666666666,0.37289986559139787,0.10390262217131546,0.10120665028484331,0.9710011057987598,0.9789026524561011
0,284,fcn,translation,0.2,0.0,0.21268569819132488,1.0693922503789266,0.9260416666666667,0.7314166668256123,0.6608702956989247,0.6059307795698925,0.7066532258064516,0.5933299731182796,0.3604670698924731,0.10389695244763668,0.10120390969354452,0.9709503772632817,0.9789074893697792
0,285,fcn,translation,0.2,0.0,0.21376014802853266,1.07207173204422,0.9258333333333333,0.7349166668256124,0.6664986559139785,0.6034106182795699,0.7071572580645161,0.5889616935483871,0.37735215053763443,0.10390353383910325,0.10121729094923164,0.9709978125004189,0.9789741319849471
0,286,fcn,translation,0.2,0.0,0.21476366571585337,1.0599261662165325,0.9254166666666667,0.7350000001589457,0.6677587365591398,0.6235719086021505,0.711861559139785,0.5913978494623656,0.3666834677419355,0.10390368347806442,0.10122027424060637,0.9709489002545852,0.9791234724743872
0,287,fcn,translation,0.2,0.0,0.20005796362956366,1.1118557945887249,0.9317916666666667,0.737666666507721,0.6644825268817204,0.6163474462365591,0.7091733870967742,0.5987063172043011,0.37331989247311825,0.10390716351361738,0.10121900142015268,0.9709866426087501,0.9791292870936245
0,288,fcn,translation,0.2,0.0,0.209242958009243,1.0862307543754577,0.9270208333333333,0.7376666668256124,0.6617943548387096,0.6128192204301075,0.7082493279569892,0.5951780913978495,0.3715557795698925,0.10391392214741144,0.1012255896283831,0.9710643186428519,0.979041174558452
0,289,fcn,translation,0.2,0.0,0.20274698650836945,1.0653624561627706,0.9301666666666667,0.739583333492279,0.6646505376344086,0.6296202956989247,0.719674059139785,0.6012264784946236,0.37752016129032256,0.10390698701505446,0.10121723986877543,0.9709812388455753,0.978947321757117
0,290,fcn,translation,0.2,0.0,0.20362674580017726,1.1309632806777954,0.93,0.7309166666666667,0.6624663978494624,0.5932459677419355,0.703125,0.5903897849462365,0.3616431451612903,0.10392453434178606,0.10125847705381198,0.9713191979743543,0.9794404562230723
0,291,fcn,translation,0.2,0.0,0.20327777872482936,1.0918071575164794,0.9296666666666666,0.7390833333333333,0.6613743279569892,0.6192876344086021,0.7159778225806451,0.6038306451612904,0.38667674731182794,0.1039218952646479,0.10124823359203422,0.9711603014031722,0.9791250749254188
